place_name
ALANKULAM
ANNAVASAL
ARANI
ARANI-TIRUPATHI
ARANTHANGI
ARIMALAM
ARUPPUKOTTAI
AVUDAIARKOIL
AVUDAIYAR KOIL
BANGALORE
BANGALORE (Via-Chittoor)
BANGALORE(Via-Hosur)
BODI
CHENGANACHERRY
CHENNAI
CHENNAI (AVADI)
CHENNAI (TVTR)
CHENNAI (Via Chittoor)
CHENNAI (Via Vellore)
CHIDAMBARAM
COIMBATORE
CUMBAM
DEVAKOTTAI
DHARAPURAM
DHARMAPURI
DINDIGUL
ERNAKULAM
ERODE
ERUVADI
GANDARVAKOTTAI
GOBI
GUDALORE (OODY)
GUDALORE (OOTY)
GURUVAYUR
HOSUR
IDAYANKUDI
ILUPPUR
KALPAKKAM
KAMUDHI
KANYAKUMARI
KARAIKUDI
KARUNGAL
KARUR
KAZHUGUMALAI
KEERAMANGALAM
KEEZHAKARAI
KODAIKANAL
KOLLAM
KOLLENCODE
KOTTARAKARA
KOVILPATTI
KOZHICODE
KULASEKARAM
KULASEKARAPATTI
KULASEKARAPATTINAM
KULATHUR
KUMBAKONAM
KUMILI
KUTTAM
MADURAI
MANALMELKUDI
MANNACHANALLUR
MANNARKUDI
MARTHANDAM
MAYILADUTHURAI
MEEMISAL-TONDI-
MELUR
METTUPALAYAM
MYLADUTHURAI
NAGAPATTINAM
NAGERCOIL
NAKUDI
NAMAKKAL
NATHAM
OOTY
OPPILAN
PALANI
PALLAPATTI
PAPANASAM-TNV
PARAMAKUDI
PATHANAMTHITTA
PATTUKOTTAI
PERAIYUR
PERIYAKULAM
PERIYAPATTINAM
POLLACHI
PONNAMARAVATHY
POOMBUHAR
PUDUCHERRY
PUDUKKOTTAI
PUDUKOTTAI
PULLAMBADI
RAMESWARAM
RAMNAD
SALEM
SANKARANKOIL
SATTAN KULAM
SAYALKUDI
SHENCOTTAH
SIVAGANGAI
SIVAKASI
SRIRANGAM
SRIVILLIPUTHUR
TAMBARAM
THANJAVUR
THENI
THYSAYANVILAI
TIRUCHENDUR
TIRUMANGALAM
TIRUMAYAM
TIRUNALLAR
TIRUNELVELI
TIRUPATHI
TIRUPATHURRMD
TIRUPPUR
TIRUTHANGAL
TIRUTHURAIPOOND
TIRUVANMIYUR
TIRUVARUR
TNV (PAPANASAM)
TONDI Via Mimisal
TRICHY
TRICHY (SRR)
TRICHY(BHEL)
TRICHY-BHEL
TRISSUR
TRIVANDRUM
TUTICORIN
UDANKUDI
UDUMALPET
USILAMPATTI
VEDARANYAM
VEDASANDUR
VELANKANNI
VELLORE
VILLUPURAM
VIRUDHUNAGAR
